class,subject,language,book_title,chapter,chapter_url
9,English,English,Beehive English Text Book,» Chapter 1,https://epathshala.nic.in/wp-content/doc/book/flipbook/Class%20IX/0959-Beehive%20English%20Textbook/iebe101/index.html
9,English,English,Beehive English Text Book,» Chapter 2,https://epathshala.nic.in/wp-content/doc/book/flipbook/Class%20IX/0959-Beehive%20English%20Textbook/iebe102/index.html
9,English,English,Beehive English Text Book,» Chapter 3,https://epathshala.nic.in/wp-content/doc/book/flipbook/Class%20IX/0959-Beehive%20English%20Textbook/iebe103/index.html
9,English,English,Beehive English Text Book,» Chapter 4,https://epathshala.nic.in/wp-content/doc/book/flipbook/Class%20IX/0959-Beehive%20English%20Textbook/iebe104/index.html
9,English,English,Beehive English Text Book,» Chapter 5,https://epathshala.nic.in/wp-content/doc/book/flipbook/Class%20IX/0959-Beehive%20English%20Textbook/iebe105/index.html
9,English,English,Beehive English Text Book,» Chapter 6,https://epathshala.nic.in/wp-content/doc/book/flipbook/Class%20IX/0959-Beehive%20English%20Textbook/iebe106/index.html
9,English,English,Beehive English Text Book,» Chapter 7,https://epathshala.nic.in/wp-content/doc/book/flipbook/Class%20IX/0959-Beehive%20English%20Textbook/iebe107/index.html
9,English,English,Beehive English Text Book,» Chapter 8,https://epathshala.nic.in/wp-content/doc/book/flipbook/Class%20IX/0959-Beehive%20English%20Textbook/iebe108/index.html
9,English,English,Beehive English Text Book,» Chapter 9,https://epathshala.nic.in/wp-content/doc/book/flipbook/Class%20IX/0959-Beehive%20English%20Textbook/iebe109/index.html
9,English,English,Moments Supplimentary Reader,» Chapter 1,https://epathshala.nic.in/wp-content/doc/book/flipbook/Class%20IX/0960-Moments-English%20Suppl.%20Reader%20Course-B/iemo101/index.html
9,English,English,Moments Supplimentary Reader,» Chapter 2,https://epathshala.nic.in/wp-content/doc/book/flipbook/Class%20IX/0960-Moments-English%20Suppl.%20Reader%20Course-B/iemo102/index.html
9,English,English,Moments Supplimentary Reader,» Chapter 3,https://epathshala.nic.in/wp-content/doc/book/flipbook/Class%20IX/0960-Moments-English%20Suppl.%20Reader%20Course-B/iemo103/index.html
9,English,English,Moments Supplimentary Reader,» Chapter 4,https://epathshala.nic.in/wp-content/doc/book/flipbook/Class%20IX/0960-Moments-English%20Suppl.%20Reader%20Course-B/iemo104/index.html
9,English,English,Moments Supplimentary Reader,» Chapter 5,https://epathshala.nic.in/wp-content/doc/book/flipbook/Class%20IX/0960-Moments-English%20Suppl.%20Reader%20Course-B/iemo105/index.html
9,English,English,Moments Supplimentary Reader,» Chapter 6,https://epathshala.nic.in/wp-content/doc/book/flipbook/Class%20IX/0960-Moments-English%20Suppl.%20Reader%20Course-B/iemo106/index.html
9,English,English,Moments Supplimentary Reader,» Chapter 7,https://epathshala.nic.in/wp-content/doc/book/flipbook/Class%20IX/0960-Moments-English%20Suppl.%20Reader%20Course-B/iemo107/index.html
9,English,English,Moments Supplimentary Reader,» Chapter 8,https://epathshala.nic.in/wp-content/doc/book/flipbook/Class%20IX/0960-Moments-English%20Suppl.%20Reader%20Course-B/iemo108/index.html
9,English,English,Moments Supplimentary Reader,» Chapter 9,https://epathshala.nic.in/wp-content/doc/book/flipbook/Class%20IX/0960-Moments-English%20Suppl.%20Reader%20Course-B/iemo109/index.html
9,English,English,Words and Expressions,» Chapter 1,https://epathshala.nic.in/wp-content/doc/book/flipbook/Class%20IX/0976Words%20and%20Expressions/iewe101/index.html
9,English,English,Words and Expressions,» Chapter 2,https://epathshala.nic.in/wp-content/doc/book/flipbook/Class%20IX/0976Words%20and%20Expressions/iewe102/index.html
9,English,English,Words and Expressions,» Chapter 3,https://epathshala.nic.in/wp-content/doc/book/flipbook/Class%20IX/0976Words%20and%20Expressions/iewe103/index.html
9,English,English,Words and Expressions,» Chapter 4,https://epathshala.nic.in/wp-content/doc/book/flipbook/Class%20IX/0976Words%20and%20Expressions/iewe104/index.html
9,English,English,Words and Expressions,» Chapter 5,https://epathshala.nic.in/wp-content/doc/book/flipbook/Class%20IX/0976Words%20and%20Expressions/iewe105/index.html
9,English,English,Words and Expressions,» Chapter 6,https://epathshala.nic.in/wp-content/doc/book/flipbook/Class%20IX/0976Words%20and%20Expressions/iewe106/index.html
9,English,English,Words and Expressions,» Chapter 7,https://epathshala.nic.in/wp-content/doc/book/flipbook/Class%20IX/0976Words%20and%20Expressions/iewe107/index.html
9,English,English,Words and Expressions,» Chapter 8,https://epathshala.nic.in/wp-content/doc/book/flipbook/Class%20IX/0976Words%20and%20Expressions/iewe108/index.html
9,English,English,Words and Expressions,» Chapter 9,https://epathshala.nic.in/wp-content/doc/book/flipbook/Class%20IX/0976Words%20and%20Expressions/iewe109/index.html
9,Hindi,English,Kshitij,» Chapter 1,https://epathshala.nic.in/wp-content/doc/book/flipbook/Class%20IX/0955-Kshitiz%20Bhag-1/ihks101/index.html
9,Hindi,English,Kshitij,» Chapter 2,https://epathshala.nic.in/wp-content/doc/book/flipbook/Class%20IX/0955-Kshitiz%20Bhag-1/ihks102/index.html
9,Hindi,English,Kshitij,» Chapter 3,https://epathshala.nic.in/wp-content/doc/book/flipbook/Class%20IX/0955-Kshitiz%20Bhag-1/ihks103/index.html
9,Hindi,English,Kshitij,» Chapter 4,https://epathshala.nic.in/wp-content/doc/book/flipbook/Class%20IX/0955-Kshitiz%20Bhag-1/ihks104/index.html
9,Hindi,English,Kshitij,» Chapter 5,https://epathshala.nic.in/wp-content/doc/book/flipbook/Class%20IX/0955-Kshitiz%20Bhag-1/ihks105/index.html
9,Hindi,English,Kshitij,» Chapter 6,https://epathshala.nic.in/wp-content/doc/book/flipbook/Class%20IX/0955-Kshitiz%20Bhag-1/ihks106/index.html
9,Hindi,English,Kshitij,» Chapter 7,https://epathshala.nic.in/wp-content/doc/book/flipbook/Class%20IX/0955-Kshitiz%20Bhag-1/ihks107/index.html
9,Hindi,English,Kshitij,» Chapter 8,https://epathshala.nic.in/wp-content/doc/book/flipbook/Class%20IX/0955-Kshitiz%20Bhag-1/ihks108/index.html
9,Hindi,English,Kshitij,» Chapter 9,https://epathshala.nic.in/wp-content/doc/book/flipbook/Class%20IX/0955-Kshitiz%20Bhag-1/ihks109/index.html
9,Hindi,English,Kshitij,» Chapter 10,https://epathshala.nic.in/wp-content/doc/book/flipbook/Class%20IX/0955-Kshitiz%20Bhag-1/ihks110/index.html
9,Hindi,English,Kshitij,» Chapter 11,https://epathshala.nic.in/wp-content/doc/book/flipbook/Class%20IX/0955-Kshitiz%20Bhag-1/ihks111/index.html
9,Hindi,English,Kshitij,» Chapter 12,https://epathshala.nic.in/wp-content/doc/book/flipbook/Class%20IX/0955-Kshitiz%20Bhag-1/ihks112/index.html
9,Hindi,English,Kshitij,» Chapter 13,https://epathshala.nic.in/wp-content/doc/book/flipbook/Class%20IX/0955-Kshitiz%20Bhag-1/ihks113/index.html
9,Hindi,English,Sprash,» Chapter 1,https://epathshala.nic.in/wp-content/doc/book/flipbook/Class%20IX/0957-Sparsh%20Bhag-1/ihsp101/index.html
9,Hindi,English,Sprash,» Chapter 2,https://epathshala.nic.in/wp-content/doc/book/flipbook/Class%20IX/0957-Sparsh%20Bhag-1/ihsp102/index.html
9,Hindi,English,Sprash,» Chapter 3,https://epathshala.nic.in/wp-content/doc/book/flipbook/Class%20IX/0957-Sparsh%20Bhag-1/ihsp103/index.html
9,Hindi,English,Sprash,» Chapter 4,https://epathshala.nic.in/wp-content/doc/book/flipbook/Class%20IX/0957-Sparsh%20Bhag-1/ihsp104/index.html
9,Hindi,English,Sprash,» Chapter 5,https://epathshala.nic.in/wp-content/doc/book/flipbook/Class%20IX/0957-Sparsh%20Bhag-1/ihsp105/index.html
9,Hindi,English,Sprash,» Chapter 6,https://epathshala.nic.in/wp-content/doc/book/flipbook/Class%20IX/0957-Sparsh%20Bhag-1/ihsp106/index.html
9,Hindi,English,Sprash,» Chapter 7,https://epathshala.nic.in/wp-content/doc/book/flipbook/Class%20IX/0957-Sparsh%20Bhag-1/ihsp107/index.html
9,Hindi,English,Sprash,» Chapter 8,https://epathshala.nic.in/wp-content/doc/book/flipbook/Class%20IX/0957-Sparsh%20Bhag-1/ihsp108/index.html
9,Hindi,English,Sprash,» Chapter 9,https://epathshala.nic.in/wp-content/doc/book/flipbook/Class%20IX/0957-Sparsh%20Bhag-1/ihsp109/index.html
9,Hindi,English,Sprash,» Chapter 10,https://epathshala.nic.in/wp-content/doc/book/flipbook/Class%20IX/0957-Sparsh%20Bhag-1/ihsp110/index.html
9,Hindi,English,Kritika,» Chapter 1,https://epathshala.nic.in/wp-content/doc/book/flipbook/Class%20IX/0956-Kritika%20Bhag-1/ihkr101/index.html
9,Hindi,English,Kritika,» Chapter 2,https://epathshala.nic.in/wp-content/doc/book/flipbook/Class%20IX/0956-Kritika%20Bhag-1/ihkr102/index.html
9,Hindi,English,Kritika,» Chapter 3,https://epathshala.nic.in/wp-content/doc/book/flipbook/Class%20IX/0956-Kritika%20Bhag-1/ihkr103/index.html
9,Hindi,English,Sanchayan,» Chapter 1,https://epathshala.nic.in/wp-content/doc/book/flipbook/Class%20IX/0958-Sanchayan%20Bhg-1/ihsa101/index.html
9,Hindi,English,Sanchayan,» Chapter 2,https://epathshala.nic.in/wp-content/doc/book/flipbook/Class%20IX/0958-Sanchayan%20Bhg-1/ihsa102/index.html
9,Hindi,English,Sanchayan,» Chapter 3,https://epathshala.nic.in/wp-content/doc/book/flipbook/Class%20IX/0958-Sanchayan%20Bhg-1/ihsa103/index.html
9,Hindi,English,Sanchayan,» Chapter 4,https://epathshala.nic.in/wp-content/doc/book/flipbook/Class%20IX/0958-Sanchayan%20Bhg-1/ihsa104/index.html
9,Sanskrit,English,Shemushi Prathmo Bhag,» Chapter 1,https://epathshala.nic.in/wp-content/doc/book/flipbook/Class%20IX/0961-Shemusi%20-%20Sanskrit/ihsh101/index.html
9,Sanskrit,English,Shemushi Prathmo Bhag,» Chapter 2,https://epathshala.nic.in/wp-content/doc/book/flipbook/Class%20IX/0961-Shemusi%20-%20Sanskrit/ihsh102/index.html
9,Sanskrit,English,Shemushi Prathmo Bhag,» Chapter 3,https://epathshala.nic.in/wp-content/doc/book/flipbook/Class%20IX/0961-Shemusi%20-%20Sanskrit/ihsh103/index.html
9,Sanskrit,English,Shemushi Prathmo Bhag,» Chapter 4,https://epathshala.nic.in/wp-content/doc/book/flipbook/Class%20IX/0961-Shemusi%20-%20Sanskrit/ihsh104/index.html
9,Sanskrit,English,Shemushi Prathmo Bhag,» Chapter 5,https://epathshala.nic.in/wp-content/doc/book/flipbook/Class%20IX/0961-Shemusi%20-%20Sanskrit/ihsh105/index.html
9,Sanskrit,English,Shemushi Prathmo Bhag,» Chapter 6,https://epathshala.nic.in/wp-content/doc/book/flipbook/Class%20IX/0961-Shemusi%20-%20Sanskrit/ihsh106/index.html
9,Sanskrit,English,Shemushi Prathmo Bhag,» Chapter 7,https://epathshala.nic.in/wp-content/doc/book/flipbook/Class%20IX/0961-Shemusi%20-%20Sanskrit/ihsh107/index.html
9,Sanskrit,English,Shemushi Prathmo Bhag,» Chapter 8,https://epathshala.nic.in/wp-content/doc/book/flipbook/Class%20IX/0961-Shemusi%20-%20Sanskrit/ihsh108/index.html
9,Sanskrit,English,Shemushi Prathmo Bhag,» Chapter 9,https://epathshala.nic.in/wp-content/doc/book/flipbook/Class%20IX/0961-Shemusi%20-%20Sanskrit/ihsh109/index.html
9,Sanskrit,English,Shemushi Prathmo Bhag,» Chapter 10,https://epathshala.nic.in/wp-content/doc/book/flipbook/Class%20IX/0961-Shemusi%20-%20Sanskrit/ihsh110/index.html
9,Sanskrit,English,Vyakaranavithi,» Chapter 1,https://epathshala.nic.in/wp-content/doc/book/flipbook/Class%20IX-X/Vyakaranavithi/jhva101/index.html
9,Sanskrit,English,Vyakaranavithi,» Chapter 2,https://epathshala.nic.in/wp-content/doc/book/flipbook/Class%20IX-X/Vyakaranavithi/jhva102/index.html
9,Sanskrit,English,Vyakaranavithi,» Chapter 3,https://epathshala.nic.in/wp-content/doc/book/flipbook/Class%20IX-X/Vyakaranavithi/jhva103/index.html
9,Sanskrit,English,Vyakaranavithi,» Chapter 4,https://epathshala.nic.in/wp-content/doc/book/flipbook/Class%20IX-X/Vyakaranavithi/jhva104/index.html
9,Sanskrit,English,Vyakaranavithi,» Chapter 5,https://epathshala.nic.in/wp-content/doc/book/flipbook/Class%20IX-X/Vyakaranavithi/jhva105/index.html
9,Sanskrit,English,Vyakaranavithi,» Chapter 6,https://epathshala.nic.in/wp-content/doc/book/flipbook/Class%20IX-X/Vyakaranavithi/jhva106/index.html
9,Sanskrit,English,Vyakaranavithi,» Chapter 7,https://epathshala.nic.in/wp-content/doc/book/flipbook/Class%20IX-X/Vyakaranavithi/jhva107/index.html
9,Sanskrit,English,Vyakaranavithi,» Chapter 8,https://epathshala.nic.in/wp-content/doc/book/flipbook/Class%20IX-X/Vyakaranavithi/jhva108/index.html
9,Sanskrit,English,Vyakaranavithi,» Chapter 9,https://epathshala.nic.in/wp-content/doc/book/flipbook/Class%20IX-X/Vyakaranavithi/jhva109/index.html
9,Sanskrit,English,Vyakaranavithi,» Chapter 10,https://epathshala.nic.in/wp-content/doc/book/flipbook/Class%20IX-X/Vyakaranavithi/jhva110/index.html
9,Sanskrit,English,Vyakaranavithi,» Chapter 11,https://epathshala.nic.in/wp-content/doc/book/flipbook/Class%20IX-X/Vyakaranavithi/jhva111/index.html
9,Sanskrit,English,Vyakaranavithi,» Chapter 12,https://epathshala.nic.in/wp-content/doc/book/flipbook/Class%20IX-X/Vyakaranavithi/jhva112/index.html
9,Sanskrit,English,Abhyaswaan Bhav,» Chapter 1,https://epathshala.nic.in/wp-content/doc/book/flipbook/Class%20IX/0975Abhyaswaan%20Bhav/isab101/index.html
9,Sanskrit,English,Abhyaswaan Bhav,» Chapter 2,https://epathshala.nic.in/wp-content/doc/book/flipbook/Class%20IX/0975Abhyaswaan%20Bhav/isab102/index.html
9,Sanskrit,English,Abhyaswaan Bhav,» Chapter 3,https://epathshala.nic.in/wp-content/doc/book/flipbook/Class%20IX/0975Abhyaswaan%20Bhav/isab103/index.html
9,Sanskrit,English,Abhyaswaan Bhav,» Chapter 4,https://epathshala.nic.in/wp-content/doc/book/flipbook/Class%20IX/0975Abhyaswaan%20Bhav/isab104/index.html
9,Sanskrit,English,Abhyaswaan Bhav,» Chapter 5,https://epathshala.nic.in/wp-content/doc/book/flipbook/Class%20IX/0975Abhyaswaan%20Bhav/isab105/index.html
9,Sanskrit,English,Abhyaswaan Bhav,» Chapter 6,https://epathshala.nic.in/wp-content/doc/book/flipbook/Class%20IX/0975Abhyaswaan%20Bhav/isab106/index.html
9,Sanskrit,English,Abhyaswaan Bhav,» Chapter 7,https://epathshala.nic.in/wp-content/doc/book/flipbook/Class%20IX/0975Abhyaswaan%20Bhav/isab107/index.html
9,Sanskrit,English,Abhyaswaan Bhav,» Chapter 8,https://epathshala.nic.in/wp-content/doc/book/flipbook/Class%20IX/0975Abhyaswaan%20Bhav/isab108/index.html
9,Sanskrit,English,Abhyaswaan Bhav,» Chapter 9,https://epathshala.nic.in/wp-content/doc/book/flipbook/Class%20IX/0975Abhyaswaan%20Bhav/isab109/index.html
9,Sanskrit,English,Abhyaswaan Bhav,» Chapter 10,https://epathshala.nic.in/wp-content/doc/book/flipbook/Class%20IX/0975Abhyaswaan%20Bhav/isab110/index.html
9,Sanskrit,English,Abhyaswaan Bhav,» Chapter 11,https://epathshala.nic.in/wp-content/doc/book/flipbook/Class%20IX/0975Abhyaswaan%20Bhav/isab111/index.html
9,Sanskrit,English,Abhyaswaan Bhav,» Chapter 12,https://epathshala.nic.in/wp-content/doc/book/flipbook/Class%20IX/0975Abhyaswaan%20Bhav/isab112/index.html
9,Mathematics,English,Mathematics,» Chapter 1,https://epathshala.nic.in/wp-content/doc/book/flipbook/Class%20IX/0962-Mathematics/iemh101/index.html
9,Mathematics,English,Mathematics,» Chapter 2,https://epathshala.nic.in/wp-content/doc/book/flipbook/Class%20IX/0962-Mathematics/iemh102/index.html
9,Mathematics,English,Mathematics,» Chapter 3,https://epathshala.nic.in/wp-content/doc/book/flipbook/Class%20IX/0962-Mathematics/iemh103/index.html
9,Mathematics,English,Mathematics,» Chapter 4,https://epathshala.nic.in/wp-content/doc/book/flipbook/Class%20IX/0962-Mathematics/iemh104/index.html
9,Mathematics,English,Mathematics,» Chapter 5,https://epathshala.nic.in/wp-content/doc/book/flipbook/Class%20IX/0962-Mathematics/iemh105/index.html
9,Mathematics,English,Mathematics,» Chapter 6,https://epathshala.nic.in/wp-content/doc/book/flipbook/Class%20IX/0962-Mathematics/iemh106/index.html
9,Mathematics,English,Mathematics,» Chapter 7,https://epathshala.nic.in/wp-content/doc/book/flipbook/Class%20IX/0962-Mathematics/iemh107/index.html
9,Mathematics,English,Mathematics,» Chapter 8,https://epathshala.nic.in/wp-content/doc/book/flipbook/Class%20IX/0962-Mathematics/iemh108/index.html
9,Mathematics,English,Mathematics,» Chapter 9,https://epathshala.nic.in/wp-content/doc/book/flipbook/Class%20IX/0962-Mathematics/iemh109/index.html
9,Mathematics,English,Mathematics,» Chapter 10,https://epathshala.nic.in/wp-content/doc/book/flipbook/Class%20IX/0962-Mathematics/iemh110/index.html
9,Mathematics,English,Mathematics,» Chapter 11,https://epathshala.nic.in/wp-content/doc/book/flipbook/Class%20IX/0962-Mathematics/iemh111/index.html
9,Mathematics,English,Mathematics,» Chapter 12,https://epathshala.nic.in/wp-content/doc/book/flipbook/Class%20IX/0962-Mathematics/iemh112/index.html
9,Mathematics,English,Ganit,» Chapter 1,https://epathshala.nic.in/wp-content/doc/book/flipbook/Class%20IX/0963-Ganit/ihmh101/index.html
9,Mathematics,English,Ganit,» Chapter 2,https://epathshala.nic.in/wp-content/doc/book/flipbook/Class%20IX/0963-Ganit/ihmh102/index.html
9,Mathematics,English,Ganit,» Chapter 3,https://epathshala.nic.in/wp-content/doc/book/flipbook/Class%20IX/0963-Ganit/ihmh103/index.html
9,Mathematics,English,Ganit,» Chapter 4,https://epathshala.nic.in/wp-content/doc/book/flipbook/Class%20IX/0963-Ganit/ihmh104/index.html
9,Mathematics,English,Ganit,» Chapter 5,https://epathshala.nic.in/wp-content/doc/book/flipbook/Class%20IX/0963-Ganit/ihmh105/index.html
9,Mathematics,English,Ganit,» Chapter 6,https://epathshala.nic.in/wp-content/doc/book/flipbook/Class%20IX/0963-Ganit/ihmh106/index.html
9,Mathematics,English,Ganit,» Chapter 7,https://epathshala.nic.in/wp-content/doc/book/flipbook/Class%20IX/0963-Ganit/ihmh107/index.html
9,Mathematics,English,Ganit,» Chapter 8,https://epathshala.nic.in/wp-content/doc/book/flipbook/Class%20IX/0963-Ganit/ihmh108/index.html
9,Mathematics,English,Ganit,» Chapter 9,https://epathshala.nic.in/wp-content/doc/book/flipbook/Class%20IX/0963-Ganit/ihmh109/index.html
9,Mathematics,English,Ganit,» Chapter 10,https://epathshala.nic.in/wp-content/doc/book/flipbook/Class%20IX/0963-Ganit/ihmh110/index.html
9,Mathematics,English,Ganit,» Chapter 11,https://epathshala.nic.in/wp-content/doc/book/flipbook/Class%20IX/0963-Ganit/ihmh111/index.html
9,Mathematics,English,Ganit,» Chapter 12,https://epathshala.nic.in/wp-content/doc/book/flipbook/Class%20IX/0963-Ganit/ihmh112/index.html
9,Mathematics,English,Riyazi (Urdu),» Chapter 1,https://epathshala.nic.in/wp-content/doc/book/flipbook/Class%20IX/4915-RIYAZI/Ch_01
9,Mathematics,English,Riyazi (Urdu),» Chapter 2,https://epathshala.nic.in/wp-content/doc/book/flipbook/Class%20IX/4915-RIYAZI/Ch_02
9,Mathematics,English,Riyazi (Urdu),» Chapter 3,https://epathshala.nic.in/wp-content/doc/book/flipbook/Class%20IX/4915-RIYAZI/Ch_03
9,Mathematics,English,Riyazi (Urdu),» Chapter 4,https://epathshala.nic.in/wp-content/doc/book/flipbook/Class%20IX/4915-RIYAZI/Ch_04
9,Mathematics,English,Riyazi (Urdu),» Chapter 5,https://epathshala.nic.in/wp-content/doc/book/flipbook/Class%20IX/4915-RIYAZI/Ch_05
9,Mathematics,English,Riyazi (Urdu),» Chapter 6,https://epathshala.nic.in/wp-content/doc/book/flipbook/Class%20IX/4915-RIYAZI/Ch_06
9,Mathematics,English,Riyazi (Urdu),» Chapter 7,https://epathshala.nic.in/wp-content/doc/book/flipbook/Class%20IX/4915-RIYAZI/Ch_07
9,Mathematics,English,Riyazi (Urdu),» Chapter 8,https://epathshala.nic.in/wp-content/doc/book/flipbook/Class%20IX/4915-RIYAZI/Ch_08
9,Mathematics,English,Riyazi (Urdu),» Chapter 9,https://epathshala.nic.in/wp-content/doc/book/flipbook/Class%20IX/4915-RIYAZI/Ch_09
9,Mathematics,English,Riyazi (Urdu),» Chapter 10,https://epathshala.nic.in/wp-content/doc/book/flipbook/Class%20IX/4915-RIYAZI/Ch_10
9,Mathematics,English,Riyazi (Urdu),» Chapter 11,https://epathshala.nic.in/wp-content/doc/book/flipbook/Class%20IX/4915-RIYAZI/Ch_11
9,Mathematics,English,Riyazi (Urdu),» Chapter 12,https://epathshala.nic.in/wp-content/doc/book/flipbook/Class%20IX/4915-RIYAZI/Ch_12
9,Mathematics,English,Riyazi (Urdu),» Chapter 13,https://epathshala.nic.in/wp-content/doc/book/flipbook/Class%20IX/4915-RIYAZI/Ch_13
9,Mathematics,English,Riyazi (Urdu),» Chapter 14,https://epathshala.nic.in/wp-content/doc/book/flipbook/Class%20IX/4915-RIYAZI/Ch_14
9,Mathematics,English,Riyazi (Urdu),» Chapter 15,https://epathshala.nic.in/wp-content/doc/book/flipbook/Class%20IX/4915-RIYAZI/Ch_15
9,Science,English,Science,» Chapter 1,https://epathshala.nic.in/wp-content/doc/book/flipbook/Class%20IX/0964-Science/iesc101/index.html
9,Science,English,Science,» Chapter 2,https://epathshala.nic.in/wp-content/doc/book/flipbook/Class%20IX/0964-Science/iesc102/index.html
9,Science,English,Science,» Chapter 3,https://epathshala.nic.in/wp-content/doc/book/flipbook/Class%20IX/0964-Science/iesc103/index.html
9,Science,English,Science,» Chapter 4,https://epathshala.nic.in/wp-content/doc/book/flipbook/Class%20IX/0964-Science/iesc104/index.html
9,Science,English,Science,» Chapter 5,https://epathshala.nic.in/wp-content/doc/book/flipbook/Class%20IX/0964-Science/iesc105/index.html
9,Science,English,Science,» Chapter 6,https://epathshala.nic.in/wp-content/doc/book/flipbook/Class%20IX/0964-Science/iesc106/index.html
9,Science,English,Science,» Chapter 7,https://epathshala.nic.in/wp-content/doc/book/flipbook/Class%20IX/0964-Science/iesc107/index.html
9,Science,English,Science,» Chapter 8,https://epathshala.nic.in/wp-content/doc/book/flipbook/Class%20IX/0964-Science/iesc108/index.html
9,Science,English,Science,» Chapter 9,https://epathshala.nic.in/wp-content/doc/book/flipbook/Class%20IX/0964-Science/iesc109/index.html
9,Science,English,Science,» Chapter 10,https://epathshala.nic.in/wp-content/doc/book/flipbook/Class%20IX/0964-Science/iesc110/index.html
9,Science,English,Science,» Chapter 11,https://epathshala.nic.in/wp-content/doc/book/flipbook/Class%20IX/0964-Science/iesc111/index.html
9,Science,English,Science,» Chapter 12,https://epathshala.nic.in/wp-content/doc/book/flipbook/Class%20IX/0964-Science/iesc112/index.html
9,Science,English,Vigyan,» Chapter 1,https://epathshala.nic.in/wp-content/doc/book/flipbook/Class%20IX/0965-Vigyan/ihsc101/index.html
9,Science,English,Vigyan,» Chapter 2,https://epathshala.nic.in/wp-content/doc/book/flipbook/Class%20IX/0965-Vigyan/ihsc102/index.html
9,Science,English,Vigyan,» Chapter 3,https://epathshala.nic.in/wp-content/doc/book/flipbook/Class%20IX/0965-Vigyan/ihsc103/index.html
9,Science,English,Vigyan,» Chapter 4,https://epathshala.nic.in/wp-content/doc/book/flipbook/Class%20IX/0965-Vigyan/ihsc104/index.html
9,Science,English,Vigyan,» Chapter 5,https://epathshala.nic.in/wp-content/doc/book/flipbook/Class%20IX/0965-Vigyan/ihsc105/index.html
9,Science,English,Vigyan,» Chapter 6,https://epathshala.nic.in/wp-content/doc/book/flipbook/Class%20IX/0965-Vigyan/ihsc106/index.html
9,Science,English,Vigyan,» Chapter 7,https://epathshala.nic.in/wp-content/doc/book/flipbook/Class%20IX/0965-Vigyan/ihsc107/index.html
9,Science,English,Vigyan,» Chapter 8,https://epathshala.nic.in/wp-content/doc/book/flipbook/Class%20IX/0965-Vigyan/ihsc108/index.html
9,Science,English,Vigyan,» Chapter 9,https://epathshala.nic.in/wp-content/doc/book/flipbook/Class%20IX/0965-Vigyan/ihsc109/index.html
9,Science,English,Vigyan,» Chapter 10,https://epathshala.nic.in/wp-content/doc/book/flipbook/Class%20IX/0965-Vigyan/ihsc110/index.html
9,Science,English,Vigyan,» Chapter 11,https://epathshala.nic.in/wp-content/doc/book/flipbook/Class%20IX/0965-Vigyan/ihsc111/index.html
9,Science,English,Vigyan,» Chapter 12,https://epathshala.nic.in/wp-content/doc/book/flipbook/Class%20IX/0965-Vigyan/ihsc112/index.html
9,Science,English,Science (Urdu),» Chapter 1,https://epathshala.nic.in/wp-content/doc/book/flipbook/Class%20IX/4916Science/chapter1/index.html
9,Science,English,Science (Urdu),» Chapter 2,https://epathshala.nic.in/wp-content/doc/book/flipbook/Class%20IX/4916Science/chapter2/index.html
9,Science,English,Science (Urdu),» Chapter 3,https://epathshala.nic.in/wp-content/doc/book/flipbook/Class%20IX/4916Science/chapter3/index.html
9,Science,English,Science (Urdu),» Chapter 4,https://epathshala.nic.in/wp-content/doc/book/flipbook/Class%20IX/4916Science/chapter4/index.html
9,Science,English,Science (Urdu),» Chapter 5,https://epathshala.nic.in/wp-content/doc/book/flipbook/Class%20IX/4916Science/chapter5/index.html
9,Science,English,Science (Urdu),» Chapter 6,https://epathshala.nic.in/wp-content/doc/book/flipbook/Class%20IX/4916Science/chapter6/index.html
9,Science,English,Science (Urdu),» Chapter 7,https://epathshala.nic.in/wp-content/doc/book/flipbook/Class%20IX/4916Science/chapter7/index.html
9,Science,English,Science (Urdu),» Chapter 8,https://epathshala.nic.in/wp-content/doc/book/flipbook/Class%20IX/4916Science/chapter8/index.html
9,Science,English,Science (Urdu),» Chapter 9,https://epathshala.nic.in/wp-content/doc/book/flipbook/Class%20IX/4916Science/chapter9/index.html
9,Science,English,Science (Urdu),» Chapter 10,https://epathshala.nic.in/wp-content/doc/book/flipbook/Class%20IX/4916Science/chapter10/index.html
9,Science,English,Science (Urdu),» Chapter 11,https://epathshala.nic.in/wp-content/doc/book/flipbook/Class%20IX/4916Science/chapter11/index.html
9,Science,English,Science (Urdu),» Chapter 12,https://epathshala.nic.in/wp-content/doc/book/flipbook/Class%20IX/4916Science/chapter12/index.html
9,Science,English,Science (Urdu),» Chapter 13,https://epathshala.nic.in/wp-content/doc/book/flipbook/Class%20IX/4916Science/chapter13/index.html
9,Science,English,Science (Urdu),» Chapter 14,https://epathshala.nic.in/wp-content/doc/book/flipbook/Class%20IX/4916Science/chapter14/index.html
9,Science,English,Science (Urdu),» Chapter 15,https://epathshala.nic.in/wp-content/doc/book/flipbook/Class%20IX/4916Science/chapter15/index.html
9,Social Science,English,Democratic Politics,» Chapter 1,https://epathshala.nic.in/wp-content/doc/book/flipbook/Class%20IX/0972-Democratic%20Poltics/iess401/index.html
9,Social Science,English,Democratic Politics,» Chapter 2,https://epathshala.nic.in/wp-content/doc/book/flipbook/Class%20IX/0972-Democratic%20Poltics/iess402/index.html
9,Social Science,English,Democratic Politics,» Chapter 3,https://epathshala.nic.in/wp-content/doc/book/flipbook/Class%20IX/0972-Democratic%20Poltics/iess403/index.html
9,Social Science,English,Democratic Politics,» Chapter 4,https://epathshala.nic.in/wp-content/doc/book/flipbook/Class%20IX/0972-Democratic%20Poltics/iess404/index.html
9,Social Science,English,Democratic Politics,» Chapter 5,https://epathshala.nic.in/wp-content/doc/book/flipbook/Class%20IX/0972-Democratic%20Poltics/iess405/index.html
9,Social Science,English,Loktantrik Rajniti,» Chapter 1,https://epathshala.nic.in/wp-content/doc/book/flipbook/Class%20IX/0973-Loktantrik%20Rajniti/ihss401/index.html
9,Social Science,English,Loktantrik Rajniti,» Chapter 2,https://epathshala.nic.in/wp-content/doc/book/flipbook/Class%20IX/0973-Loktantrik%20Rajniti/ihss402/index.html
9,Social Science,English,Loktantrik Rajniti,» Chapter 3,https://epathshala.nic.in/wp-content/doc/book/flipbook/Class%20IX/0973-Loktantrik%20Rajniti/ihss403/index.html
9,Social Science,English,Loktantrik Rajniti,» Chapter 4,https://epathshala.nic.in/wp-content/doc/book/flipbook/Class%20IX/0973-Loktantrik%20Rajniti/ihss404/index.html
9,Social Science,English,Loktantrik Rajniti,» Chapter 5,https://epathshala.nic.in/wp-content/doc/book/flipbook/Class%20IX/0973-Loktantrik%20Rajniti/ihss405/index.html
9,Social Science,English,Contemporary India,» Chapter 1,https://epathshala.nic.in/wp-content/doc/book/flipbook/Class%20IX/0968-ContemporaryIndiaIGeography/iess101/index.html
9,Social Science,English,Contemporary India,» Chapter 2,https://epathshala.nic.in/wp-content/doc/book/flipbook/Class%20IX/0968-ContemporaryIndiaIGeography/iess102/index.html
9,Social Science,English,Contemporary India,» Chapter 3,https://epathshala.nic.in/wp-content/doc/book/flipbook/Class%20IX/0968-ContemporaryIndiaIGeography/iess103/index.html
9,Social Science,English,Contemporary India,» Chapter 4,https://epathshala.nic.in/wp-content/doc/book/flipbook/Class%20IX/0968-ContemporaryIndiaIGeography/iess104/index.html
9,Social Science,English,Contemporary India,» Chapter 5,https://epathshala.nic.in/wp-content/doc/book/flipbook/Class%20IX/0968-ContemporaryIndiaIGeography/iess105/index.html
9,Social Science,English,Contemporary India,» Chapter 6,https://epathshala.nic.in/wp-content/doc/book/flipbook/Class%20IX/0968-ContemporaryIndiaIGeography/iess106/index.html
9,Social Science,English,Samkalin Bharat,» Chapter 1,https://epathshala.nic.in/wp-content/doc/book/flipbook/Class%20IX/0969-Samkalin%20Bharat%20-%20Bhugol/ihss101/index.html
9,Social Science,English,Samkalin Bharat,» Chapter 2,https://epathshala.nic.in/wp-content/doc/book/flipbook/Class%20IX/0969-Samkalin%20Bharat%20-%20Bhugol/ihss102/index.html
9,Social Science,English,Samkalin Bharat,» Chapter 3,https://epathshala.nic.in/wp-content/doc/book/flipbook/Class%20IX/0969-Samkalin%20Bharat%20-%20Bhugol/ihss103/index.html
9,Social Science,English,Samkalin Bharat,» Chapter 4,https://epathshala.nic.in/wp-content/doc/book/flipbook/Class%20IX/0969-Samkalin%20Bharat%20-%20Bhugol/ihss104/index.html
9,Social Science,English,Samkalin Bharat,» Chapter 5,https://epathshala.nic.in/wp-content/doc/book/flipbook/Class%20IX/0969-Samkalin%20Bharat%20-%20Bhugol/ihss105/index.html
9,Social Science,English,Samkalin Bharat,» Chapter 6,https://epathshala.nic.in/wp-content/doc/book/flipbook/Class%20IX/0969-Samkalin%20Bharat%20-%20Bhugol/ihss106/index.html
9,Social Science,English,Arthashastra,» Chapter 1,https://epathshala.nic.in/wp-content/doc/book/flipbook/Class%20IX/0971-Arthashastra/ihss201/index.html
9,Social Science,English,Arthashastra,» Chapter 2,https://epathshala.nic.in/wp-content/doc/book/flipbook/Class%20IX/0971-Arthashastra/ihss202/index.html
9,Social Science,English,Arthashastra,» Chapter 3,https://epathshala.nic.in/wp-content/doc/book/flipbook/Class%20IX/0971-Arthashastra/ihss203/index.html
9,Social Science,English,Arthashastra,» Chapter 4,https://epathshala.nic.in/wp-content/doc/book/flipbook/Class%20IX/0971-Arthashastra/ihss204/index.html
9,Social Science,English,Economics,» Chapter 1,https://epathshala.nic.in/wp-content/doc/book/flipbook/Class%20IX/0970-Economics/iess201/index.html
9,Social Science,English,Economics,» Chapter 2,https://epathshala.nic.in/wp-content/doc/book/flipbook/Class%20IX/0970-Economics/iess202/index.html
9,Social Science,English,Economics,» Chapter 3,https://epathshala.nic.in/wp-content/doc/book/flipbook/Class%20IX/0970-Economics/iess203/index.html
9,Social Science,English,Economics,» Chapter 4,https://epathshala.nic.in/wp-content/doc/book/flipbook/Class%20IX/0970-Economics/iess204/index.html
9,Social Science,English,India and the Contempoarary World - I,» Chapter 1,https://epathshala.nic.in/wp-content/doc/book/flipbook/Class%20IX/0966-Indian%20and%20the%20Contemporary%20World-%20History/iess301/index.html
9,Social Science,English,India and the Contempoarary World - I,» Chapter 2,https://epathshala.nic.in/wp-content/doc/book/flipbook/Class%20IX/0966-Indian%20and%20the%20Contemporary%20World-%20History/iess302/index.html
9,Social Science,English,India and the Contempoarary World - I,» Chapter 3,https://epathshala.nic.in/wp-content/doc/book/flipbook/Class%20IX/0966-Indian%20and%20the%20Contemporary%20World-%20History/iess303/index.html
9,Social Science,English,India and the Contempoarary World - I,» Chapter 4,https://epathshala.nic.in/wp-content/doc/book/flipbook/Class%20IX/0966-Indian%20and%20the%20Contemporary%20World-%20History/iess304/index.html
9,Social Science,English,India and the Contempoarary World - I,» Chapter 5,https://epathshala.nic.in/wp-content/doc/book/flipbook/Class%20IX/0966-Indian%20and%20the%20Contemporary%20World-%20History/iess305/index.html
9,Social Science,English,Bharat aur Samkalin Vishwa - I,» Chapter 1,https://epathshala.nic.in/wp-content/doc/book/flipbook/Class%20IX/0967-Bharat%20Aur%20Samkalin%20Viswa-Itihas/ihss301/index.html
9,Social Science,English,Bharat aur Samkalin Vishwa - I,» Chapter 2,https://epathshala.nic.in/wp-content/doc/book/flipbook/Class%20IX/0967-Bharat%20Aur%20Samkalin%20Viswa-Itihas/ihss302/index.html
9,Social Science,English,Bharat aur Samkalin Vishwa - I,» Chapter 3,https://epathshala.nic.in/wp-content/doc/book/flipbook/Class%20IX/0967-Bharat%20Aur%20Samkalin%20Viswa-Itihas/ihss303/index.html
9,Social Science,English,Bharat aur Samkalin Vishwa - I,» Chapter 4,https://epathshala.nic.in/wp-content/doc/book/flipbook/Class%20IX/0967-Bharat%20Aur%20Samkalin%20Viswa-Itihas/ihss304/index.html
9,Social Science,English,Bharat aur Samkalin Vishwa - I,» Chapter 5,https://epathshala.nic.in/wp-content/doc/book/flipbook/Class%20IX/0967-Bharat%20Aur%20Samkalin%20Viswa-Itihas/ihss305/index.html
9,Social Science,English,Jamhuri Syasat (Urdu),» Chapter 1,https://epathshala.nic.in/wp-content/doc/book/flipbook/Class%20IX/4921-Jamhoori%20Siyaasat/Chap-01
9,Social Science,English,Jamhuri Syasat (Urdu),» Chapter 2,https://epathshala.nic.in/wp-content/doc/book/flipbook/Class%20IX/4921-Jamhoori%20Siyaasat/Chap-02
9,Social Science,English,Jamhuri Syasat (Urdu),» Chapter 3,https://epathshala.nic.in/wp-content/doc/book/flipbook/Class%20IX/4921-Jamhoori%20Siyaasat/Chap-03
9,Social Science,English,Jamhuri Syasat (Urdu),» Chapter 4,https://epathshala.nic.in/wp-content/doc/book/flipbook/Class%20IX/4921-Jamhoori%20Siyaasat/Chap-04
9,Social Science,English,Jamhuri Syasat (Urdu),» Chapter 5,https://epathshala.nic.in/wp-content/doc/book/flipbook/Class%20IX/4921-Jamhoori%20Siyaasat/Chap-05
9,Social Science,English,Jamhuri Syasat (Urdu),» Chapter 6,https://epathshala.nic.in/wp-content/doc/book/flipbook/Class%20IX/4921-Jamhoori%20Siyaasat/Chap-06
9,Social Science,English,Hindustan aur Asri Dunia - I (Urdu),» Chapter 1,https://epathshala.nic.in/wp-content/doc/book/flipbook/Class%20IX/4917-Hindustan%20Aur%20Asri%20Duniya-I/iuhi101
9,Social Science,English,Hindustan aur Asri Dunia - I (Urdu),» Chapter 2,https://epathshala.nic.in/wp-content/doc/book/flipbook/Class%20IX/4917-Hindustan%20Aur%20Asri%20Duniya-I/iuhi102
9,Social Science,English,Hindustan aur Asri Dunia - I (Urdu),» Chapter 3,https://epathshala.nic.in/wp-content/doc/book/flipbook/Class%20IX/4917-Hindustan%20Aur%20Asri%20Duniya-I/iuhi103
9,Social Science,English,Hindustan aur Asri Dunia - I (Urdu),» Chapter 4,https://epathshala.nic.in/wp-content/doc/book/flipbook/Class%20IX/4917-Hindustan%20Aur%20Asri%20Duniya-I/iuhi104
9,Social Science,English,Hindustan aur Asri Dunia - I (Urdu),» Chapter 5,https://epathshala.nic.in/wp-content/doc/book/flipbook/Class%20IX/4917-Hindustan%20Aur%20Asri%20Duniya-I/iuhi105
9,Social Science,English,Aasri Hindustan,» Chapter 1,https://epathshala.nic.in/wp-content/doc/book/flipbook/Class%20IX/4918-Asri%20Hindustan-I%20(Contemporary%20India-I)/iuss101
9,Social Science,English,Aasri Hindustan,» Chapter 2,https://epathshala.nic.in/wp-content/doc/book/flipbook/Class%20IX/4918-Asri%20Hindustan-I%20(Contemporary%20India-I)/iuss102
9,Social Science,English,Aasri Hindustan,» Chapter 3,https://epathshala.nic.in/wp-content/doc/book/flipbook/Class%20IX/4918-Asri%20Hindustan-I%20(Contemporary%20India-I)/iuss103
9,Social Science,English,Aasri Hindustan,» Chapter 4,https://epathshala.nic.in/wp-content/doc/book/flipbook/Class%20IX/4918-Asri%20Hindustan-I%20(Contemporary%20India-I)/iuss104
9,Social Science,English,Aasri Hindustan,» Chapter 5,https://epathshala.nic.in/wp-content/doc/book/flipbook/Class%20IX/4918-Asri%20Hindustan-I%20(Contemporary%20India-I)/iuss105
9,Social Science,English,Aasri Hindustan,» Chapter 6,https://epathshala.nic.in/wp-content/doc/book/flipbook/Class%20IX/4918-Asri%20Hindustan-I%20(Contemporary%20India-I)/iuss106
9,Social Science,English,Mashiyat,» Chapter 1,https://epathshala.nic.in/wp-content/doc/book/flipbook/Class%20IX/4919-Maashiyat%20(Economic)%20Class-IX_PDF/iuss201
9,Social Science,English,Mashiyat,» Chapter 2,https://epathshala.nic.in/wp-content/doc/book/flipbook/Class%20IX/4919-Maashiyat%20(Economic)%20Class-IX_PDF/iuss202
9,Social Science,English,Mashiyat,» Chapter 3,https://epathshala.nic.in/wp-content/doc/book/flipbook/Class%20IX/4919-Maashiyat%20(Economic)%20Class-IX_PDF/iuss203
9,Social Science,English,Mashiyat,» Chapter 4,https://epathshala.nic.in/wp-content/doc/book/flipbook/Class%20IX/4919-Maashiyat%20(Economic)%20Class-IX_PDF/iuss204
9,Yoga,English,A Healthy Way of Living,» Chapter 1,https://epathshala.nic.in/wp-content/doc/book/l/sample/basic/index.php?tra=tiyhwlss101
9,Yoga,English,A Healthy Way of Living,» Chapter 2,https://epathshala.nic.in/wp-content/doc/book/l/sample/basic/index.php?tra=tiyhwlss102
9,Yoga,English,A Healthy Way of Living,» Chapter 3,https://epathshala.nic.in/wp-content/doc/book/l/sample/basic/index.php?tra=tiyhwlss103
9,Urdu,English,Sab Rang,» Chapter 1,https://epathshala.nic.in/wp-content/doc/book/flipbook/Class%20IX/4924/Chap-01
9,Urdu,English,Sab Rang,» Chapter 2,https://epathshala.nic.in/wp-content/doc/book/flipbook/Class%20IX/4924/Chap-02
9,Urdu,English,Sab Rang,» Chapter 3,https://epathshala.nic.in/wp-content/doc/book/flipbook/Class%20IX/4924/Chap-03
9,Urdu,English,Sab Rang,» Chapter 4,https://epathshala.nic.in/wp-content/doc/book/flipbook/Class%20IX/4924/Chap-04
9,Urdu,English,Sab Rang,» Chapter 5,https://epathshala.nic.in/wp-content/doc/book/flipbook/Class%20IX/4924/Chap-05
9,Urdu,English,Sab Rang,» Chapter 6,https://epathshala.nic.in/wp-content/doc/book/flipbook/Class%20IX/4924/Chap-06
9,Urdu,English,Sab Rang,» Chapter 7,https://epathshala.nic.in/wp-content/doc/book/flipbook/Class%20IX/4924/Chap-07
9,Urdu,English,Sab Rang,» Chapter 8,https://epathshala.nic.in/wp-content/doc/book/flipbook/Class%20IX/4924/Chap-08
9,Urdu,English,Sab Rang,» Chapter 9,https://epathshala.nic.in/wp-content/doc/book/flipbook/Class%20IX/4924/Chap-09
9,Urdu,English,Sab Rang,» Chapter 10,https://epathshala.nic.in/wp-content/doc/book/flipbook/Class%20IX/4924/Chap-10
9,Urdu,English,Urdu ki Adabi Asnaf,» Chapter 1,https://epathshala.nic.in/wp-content/doc/book/flipbook/Class%20IX/4925-Urdu%20ki%20Adbi%20Asnaf/iuau101
9,Urdu,English,Urdu ki Adabi Asnaf,» Chapter 2,https://epathshala.nic.in/wp-content/doc/book/flipbook/Class%20IX/4925-Urdu%20ki%20Adbi%20Asnaf/iuau102
9,Urdu,English,Urdu ki Adabi Asnaf,» Chapter 3,https://epathshala.nic.in/wp-content/doc/book/flipbook/Class%20IX/4925-Urdu%20ki%20Adbi%20Asnaf/iuau103
9,Urdu,English,Urdu ki Adabi Asnaf,» Chapter 4,https://epathshala.nic.in/wp-content/doc/book/flipbook/Class%20IX/4925-Urdu%20ki%20Adbi%20Asnaf/iuau104
9,Urdu,English,Urdu ki Adabi Asnaf,» Chapter 5,https://epathshala.nic.in/wp-content/doc/book/flipbook/Class%20IX/4925-Urdu%20ki%20Adbi%20Asnaf/iuau105
9,Urdu,English,Urdu ki Adabi Asnaf,» Chapter 6,https://epathshala.nic.in/wp-content/doc/book/flipbook/Class%20IX/4925-Urdu%20ki%20Adbi%20Asnaf/iuau106
9,Urdu,English,Urdu ki Adabi Asnaf,» Chapter 7,https://epathshala.nic.in/wp-content/doc/book/flipbook/Class%20IX/4925-Urdu%20ki%20Adbi%20Asnaf/iuau107
9,Urdu,English,Urdu ki Adabi Asnaf,» Chapter 8,https://epathshala.nic.in/wp-content/doc/book/flipbook/Class%20IX/4925-Urdu%20ki%20Adbi%20Asnaf/iuau108
9,Urdu,English,Urdu ki Adabi Asnaf,» Chapter 9,https://epathshala.nic.in/wp-content/doc/book/flipbook/Class%20IX/4925-Urdu%20ki%20Adbi%20Asnaf/iuau109
9,Urdu,English,Urdu ki Adabi Asnaf,» Chapter 10,https://epathshala.nic.in/wp-content/doc/book/flipbook/Class%20IX/4925-Urdu%20ki%20Adbi%20Asnaf/iuau110
9,Urdu,English,Urdu ki Adabi Asnaf,» Chapter 11,https://epathshala.nic.in/wp-content/doc/book/flipbook/Class%20IX/4925-Urdu%20ki%20Adbi%20Asnaf/iuau111
9,Urdu,English,Urdu ki Adabi Asnaf,» Chapter 12,https://epathshala.nic.in/wp-content/doc/book/flipbook/Class%20IX/4925-Urdu%20ki%20Adbi%20Asnaf/iuau112
9,Urdu,English,Urdu ki Adabi Asnaf,» Chapter 13,https://epathshala.nic.in/wp-content/doc/book/flipbook/Class%20IX/4925-Urdu%20ki%20Adbi%20Asnaf/iuau113
9,Urdu,English,Urdu ki Adabi Asnaf,» Chapter 14,https://epathshala.nic.in/wp-content/doc/book/flipbook/Class%20IX/4925-Urdu%20ki%20Adbi%20Asnaf/iuau114
9,Urdu,English,Urdu ki Adabi Asnaf,» Chapter 15,https://epathshala.nic.in/wp-content/doc/book/flipbook/Class%20IX/4925-Urdu%20ki%20Adbi%20Asnaf/iuau115
9,Urdu,English,Urdu ki Adabi Asnaf,» Chapter 16,https://epathshala.nic.in/wp-content/doc/book/flipbook/Class%20IX/4925-Urdu%20ki%20Adbi%20Asnaf/iuau116
9,Urdu,English,Urdu ki Adabi Asnaf,» Chapter 17,https://epathshala.nic.in/wp-content/doc/book/flipbook/Class%20IX/4925-Urdu%20ki%20Adbi%20Asnaf/iuau117
9,Urdu,English,Urdu ki Adabi Asnaf,» Chapter 18,https://epathshala.nic.in/wp-content/doc/book/flipbook/Class%20IX/4925-Urdu%20ki%20Adbi%20Asnaf/iuau118
9,Urdu,English,Urdu ki Adabi Asnaf,» Chapter 19,https://epathshala.nic.in/wp-content/doc/book/flipbook/Class%20IX/4925-Urdu%20ki%20Adbi%20Asnaf/iuau119
9,Urdu,English,Urdu ki Adabi Asnaf,» Chapter 20,https://epathshala.nic.in/wp-content/doc/book/flipbook/Class%20IX/4925-Urdu%20ki%20Adbi%20Asnaf/iuau120
9,Urdu,English,Urdu ki Adabi Asnaf,» Chapter 21,https://epathshala.nic.in/wp-content/doc/book/flipbook/Class%20IX/4925-Urdu%20ki%20Adbi%20Asnaf/iuau121
9,Urdu,English,Urdu ki Adabi Asnaf,» Chapter 22,https://epathshala.nic.in/wp-content/doc/book/flipbook/Class%20IX/4925-Urdu%20ki%20Adbi%20Asnaf/iuau122
9,Urdu,English,Urdu ki Adabi Asnaf,» Chapter 23,https://epathshala.nic.in/wp-content/doc/book/flipbook/Class%20IX/4925-Urdu%20ki%20Adbi%20Asnaf/iuau123
9,Urdu,English,Urdu ki Adabi Asnaf,» Chapter 24,https://epathshala.nic.in/wp-content/doc/book/flipbook/Class%20IX/4925-Urdu%20ki%20Adbi%20Asnaf/iuau124
9,Urdu,English,Urdu ki Adabi Asnaf,» Chapter 25,https://epathshala.nic.in/wp-content/doc/book/flipbook/Class%20IX/4925-Urdu%20ki%20Adbi%20Asnaf/iuau125
9,Urdu,English,Urdu ki Adabi Asnaf,» Chapter 26,https://epathshala.nic.in/wp-content/doc/book/flipbook/Class%20IX/4925-Urdu%20ki%20Adbi%20Asnaf/iuau126
9,Urdu,English,Urdu ki Adabi Asnaf,» Chapter 27,https://epathshala.nic.in/wp-content/doc/book/flipbook/Class%20IX/4925-Urdu%20ki%20Adbi%20Asnaf/iuau127
9,Urdu,English,Urdu ki Adabi Asnaf,» Chapter 28,https://epathshala.nic.in/wp-content/doc/book/flipbook/Class%20IX/4925-Urdu%20ki%20Adbi%20Asnaf/iuau128
9,Urdu,English,Urdu ki Adabi Asnaf,» Chapter 29,https://epathshala.nic.in/wp-content/doc/book/flipbook/Class%20IX/4925-Urdu%20ki%20Adbi%20Asnaf/iuau129
9,Urdu,English,Urdu ki Adabi Asnaf,» Chapter 30,https://epathshala.nic.in/wp-content/doc/book/flipbook/Class%20IX/4925-Urdu%20ki%20Adbi%20Asnaf/iuau130
9,Urdu,English,Urdu ki Adabi Asnaf,» Chapter 31,https://epathshala.nic.in/wp-content/doc/book/flipbook/Class%20IX/4925-Urdu%20ki%20Adbi%20Asnaf/iuau131
9,Urdu,English,Urdu ki Adabi Asnaf,» Chapter 32,https://epathshala.nic.in/wp-content/doc/book/flipbook/Class%20IX/4925-Urdu%20ki%20Adbi%20Asnaf/iuau132
9,Urdu,English,Urdu ki Adabi Asnaf,» Chapter 33,https://epathshala.nic.in/wp-content/doc/book/flipbook/Class%20IX/4925-Urdu%20ki%20Adbi%20Asnaf/iuau133
9,Urdu,English,Urdu ki Adabi Asnaf,» Chapter 34,https://epathshala.nic.in/wp-content/doc/book/flipbook/Class%20IX/4925-Urdu%20ki%20Adbi%20Asnaf/iuau134
9,Urdu,English,Urdu ki Adabi Asnaf,» Chapter 35,https://epathshala.nic.in/wp-content/doc/book/flipbook/Class%20IX/4925-Urdu%20ki%20Adbi%20Asnaf/iuau135
9,Urdu,English,Urdu ki Adabi Asnaf,» Chapter 36,https://epathshala.nic.in/wp-content/doc/book/flipbook/Class%20IX/4925-Urdu%20ki%20Adbi%20Asnaf/iuau136
9,Urdu,English,Urdu ki Adabi Asnaf,» Chapter 37,https://epathshala.nic.in/wp-content/doc/book/flipbook/Class%20IX/4925-Urdu%20ki%20Adbi%20Asnaf/iuau137
9,Urdu,English,Urdu ki Adabi Asnaf,» Chapter 38,https://epathshala.nic.in/wp-content/doc/book/flipbook/Class%20IX/4925-Urdu%20ki%20Adbi%20Asnaf/iuau138
9,Urdu,English,Urdu ki Adabi Asnaf,» Chapter 39,https://epathshala.nic.in/wp-content/doc/book/flipbook/Class%20IX/4925-Urdu%20ki%20Adbi%20Asnaf/iuau139
9,Urdu,English,Urdu ki Adabi Asnaf,» Chapter 40,https://epathshala.nic.in/wp-content/doc/book/flipbook/Class%20IX/4925-Urdu%20ki%20Adbi%20Asnaf/iuau140
9,Urdu,English,Door Pass,» Chapter 1,https://epathshala.nic.in/wp-content/doc/book/flipbook/Class%20IX/4923-Door%20Pass%20(Class%20IX)/Chap-01
9,Urdu,English,Door Pass,» Chapter 2,https://epathshala.nic.in/wp-content/doc/book/flipbook/Class%20IX/4923-Door%20Pass%20(Class%20IX)/Chap-02
9,Urdu,English,Door Pass,» Chapter 3,https://epathshala.nic.in/wp-content/doc/book/flipbook/Class%20IX/4923-Door%20Pass%20(Class%20IX)/Chap-03
9,Urdu,English,Door Pass,» Chapter 4,https://epathshala.nic.in/wp-content/doc/book/flipbook/Class%20IX/4923-Door%20Pass%20(Class%20IX)/Chap-04
9,Urdu,English,Door Pass,» Chapter 5,https://epathshala.nic.in/wp-content/doc/book/flipbook/Class%20IX/4923-Door%20Pass%20(Class%20IX)/Chap-05
9,Urdu,English,Door Pass,» Chapter 6,https://epathshala.nic.in/wp-content/doc/book/flipbook/Class%20IX/4923-Door%20Pass%20(Class%20IX)/Chap-06
9,Urdu,English,Door Pass,» Chapter 7,https://epathshala.nic.in/wp-content/doc/book/flipbook/Class%20IX/4923-Door%20Pass%20(Class%20IX)/Chap-07
9,Urdu,English,Door Pass,» Chapter 8,https://epathshala.nic.in/wp-content/doc/book/flipbook/Class%20IX/4923-Door%20Pass%20(Class%20IX)/Chap-08
9,Urdu,English,Door Pass,» Chapter 9,https://epathshala.nic.in/wp-content/doc/book/flipbook/Class%20IX/4923-Door%20Pass%20(Class%20IX)/Chap-09
9,Urdu,English,Door Pass,» Chapter 10,https://epathshala.nic.in/wp-content/doc/book/flipbook/Class%20IX/4923-Door%20Pass%20(Class%20IX)/Chap-10
9,Urdu,English,Door Pass,» Chapter 11,https://epathshala.nic.in/wp-content/doc/book/flipbook/Class%20IX/4923-Door%20Pass%20(Class%20IX)/Chap-11
9,Urdu,English,Door Pass,» Chapter 12,https://epathshala.nic.in/wp-content/doc/book/flipbook/Class%20IX/4923-Door%20Pass%20(Class%20IX)/Chap-12
9,Urdu,English,Door Pass,» Chapter 13,https://epathshala.nic.in/wp-content/doc/book/flipbook/Class%20IX/4923-Door%20Pass%20(Class%20IX)/Chap-13
9,Urdu,English,Door Pass,» Chapter 14,https://epathshala.nic.in/wp-content/doc/book/flipbook/Class%20IX/4923-Door%20Pass%20(Class%20IX)/Chap-14
9,Urdu,English,Door Pass,» Chapter 15,https://epathshala.nic.in/wp-content/doc/book/flipbook/Class%20IX/4923-Door%20Pass%20(Class%20IX)/Chap-15
9,Urdu,English,Door Pass,» Chapter 16,https://epathshala.nic.in/wp-content/doc/book/flipbook/Class%20IX/4923-Door%20Pass%20(Class%20IX)/Chap-16
9,Urdu,English,Door Pass,» Chapter 17,https://epathshala.nic.in/wp-content/doc/book/flipbook/Class%20IX/4923-Door%20Pass%20(Class%20IX)/Chap-17
9,Urdu,English,Door Pass,» Chapter 18,https://epathshala.nic.in/wp-content/doc/book/flipbook/Class%20IX/4923-Door%20Pass%20(Class%20IX)/Chap-18
9,Urdu,English,Door Pass,» Chapter 19,https://epathshala.nic.in/wp-content/doc/book/flipbook/Class%20IX/4923-Door%20Pass%20(Class%20IX)/Chap-19
9,Urdu,English,Door Pass,» Chapter 20,https://epathshala.nic.in/wp-content/doc/book/flipbook/Class%20IX/4923-Door%20Pass%20(Class%20IX)/Chap-20
9,Urdu,English,Jaan Pahchan,» Chapter 1,https://epathshala.nic.in/wp-content/doc/book/flipbook/Class%20IX/4922-Jan%20Pehchan%20Class%20IX%20IInd%20Language/Ch_01
9,Urdu,English,Jaan Pahchan,» Chapter 2,https://epathshala.nic.in/wp-content/doc/book/flipbook/Class%20IX/4922-Jan%20Pehchan%20Class%20IX%20IInd%20Language/Ch_02
9,Urdu,English,Jaan Pahchan,» Chapter 3,https://epathshala.nic.in/wp-content/doc/book/flipbook/Class%20IX/4922-Jan%20Pehchan%20Class%20IX%20IInd%20Language/Ch_03
9,Urdu,English,Jaan Pahchan,» Chapter 4,https://epathshala.nic.in/wp-content/doc/book/flipbook/Class%20IX/4922-Jan%20Pehchan%20Class%20IX%20IInd%20Language/Ch_04
9,Urdu,English,Jaan Pahchan,» Chapter 5,https://epathshala.nic.in/wp-content/doc/book/flipbook/Class%20IX/4922-Jan%20Pehchan%20Class%20IX%20IInd%20Language/Ch_05
9,Urdu,English,Jaan Pahchan,» Chapter 6,https://epathshala.nic.in/wp-content/doc/book/flipbook/Class%20IX/4922-Jan%20Pehchan%20Class%20IX%20IInd%20Language/Ch_06
9,Urdu,English,Jaan Pahchan,» Chapter 7,https://epathshala.nic.in/wp-content/doc/book/flipbook/Class%20IX/4922-Jan%20Pehchan%20Class%20IX%20IInd%20Language/Ch_07
9,Urdu,English,Jaan Pahchan,» Chapter 8,https://epathshala.nic.in/wp-content/doc/book/flipbook/Class%20IX/4922-Jan%20Pehchan%20Class%20IX%20IInd%20Language/Ch_08
9,Urdu,English,Jaan Pahchan,» Chapter 9,https://epathshala.nic.in/wp-content/doc/book/flipbook/Class%20IX/4922-Jan%20Pehchan%20Class%20IX%20IInd%20Language/Ch_09
9,Urdu,English,Jaan Pahchan,» Chapter 10,https://epathshala.nic.in/wp-content/doc/book/flipbook/Class%20IX/4922-Jan%20Pehchan%20Class%20IX%20IInd%20Language/Ch_10
9,Urdu,English,Jaan Pahchan,» Chapter 11,https://epathshala.nic.in/wp-content/doc/book/flipbook/Class%20IX/4922-Jan%20Pehchan%20Class%20IX%20IInd%20Language/Ch_11
9,Urdu,English,Jaan Pahchan,» Chapter 12,https://epathshala.nic.in/wp-content/doc/book/flipbook/Class%20IX/4922-Jan%20Pehchan%20Class%20IX%20IInd%20Language/Ch_12
9,Urdu,English,Jaan Pahchan,» Chapter 13,https://epathshala.nic.in/wp-content/doc/book/flipbook/Class%20IX/4922-Jan%20Pehchan%20Class%20IX%20IInd%20Language/Ch_13
9,Urdu,English,Jaan Pahchan,» Chapter 14,https://epathshala.nic.in/wp-content/doc/book/flipbook/Class%20IX/4922-Jan%20Pehchan%20Class%20IX%20IInd%20Language/Ch_14
9,Urdu,English,Jaan Pahchan,» Chapter 15,https://epathshala.nic.in/wp-content/doc/book/flipbook/Class%20IX/4922-Jan%20Pehchan%20Class%20IX%20IInd%20Language/Ch_15
9,Urdu,English,Jaan Pahchan,» Chapter 16,https://epathshala.nic.in/wp-content/doc/book/flipbook/Class%20IX/4922-Jan%20Pehchan%20Class%20IX%20IInd%20Language/Ch_16
9,Urdu,English,Jaan Pahchan,» Chapter 17,https://epathshala.nic.in/wp-content/doc/book/flipbook/Class%20IX/4922-Jan%20Pehchan%20Class%20IX%20IInd%20Language/Ch_17
9,Urdu,English,Jaan Pahchan,» Chapter 18,https://epathshala.nic.in/wp-content/doc/book/flipbook/Class%20IX/4922-Jan%20Pehchan%20Class%20IX%20IInd%20Language/Ch_18
9,Urdu,English,Jaan Pahchan,» Chapter 19,https://epathshala.nic.in/wp-content/doc/book/flipbook/Class%20IX/4922-Jan%20Pehchan%20Class%20IX%20IInd%20Language/Ch_19
9,Urdu,English,Jaan Pahchan,» Chapter 20,https://epathshala.nic.in/wp-content/doc/book/flipbook/Class%20IX/4922-Jan%20Pehchan%20Class%20IX%20IInd%20Language/Ch_20
9,Urdu,English,Jaan Pahchan,» Chapter 21,https://epathshala.nic.in/wp-content/doc/book/flipbook/Class%20IX/4922-Jan%20Pehchan%20Class%20IX%20IInd%20Language/Ch_21
9,Urdu,English,Jaan Pahchan,» Chapter 22,https://epathshala.nic.in/wp-content/doc/book/flipbook/Class%20IX/4922-Jan%20Pehchan%20Class%20IX%20IInd%20Language/Ch_22
9,Urdu,English,Nawa-e-Urdu,» Chapter 1,https://epathshala.nic.in/wp-content/doc/book/flipbook/Class%20IX/4914-Nawa-e-Urdu/Chap-01
9,Urdu,English,Nawa-e-Urdu,» Chapter 2,https://epathshala.nic.in/wp-content/doc/book/flipbook/Class%20IX/4914-Nawa-e-Urdu/Chap-02
9,Urdu,English,Nawa-e-Urdu,» Chapter 3,https://epathshala.nic.in/wp-content/doc/book/flipbook/Class%20IX/4914-Nawa-e-Urdu/Chap-03
9,Urdu,English,Nawa-e-Urdu,» Chapter 4,https://epathshala.nic.in/wp-content/doc/book/flipbook/Class%20IX/4914-Nawa-e-Urdu/Chap-04
9,Urdu,English,Nawa-e-Urdu,» Chapter 5,https://epathshala.nic.in/wp-content/doc/book/flipbook/Class%20IX/4914-Nawa-e-Urdu/Chap-05
9,Urdu,English,Nawa-e-Urdu,» Chapter 6,https://epathshala.nic.in/wp-content/doc/book/flipbook/Class%20IX/4914-Nawa-e-Urdu/Chap-06
9,Urdu,English,Nawa-e-Urdu,» Chapter 7,https://epathshala.nic.in/wp-content/doc/book/flipbook/Class%20IX/4914-Nawa-e-Urdu/Chap-07
9,Urdu,English,Nawa-e-Urdu,» Chapter 8,https://epathshala.nic.in/wp-content/doc/book/flipbook/Class%20IX/4914-Nawa-e-Urdu/Chap-08
9,Urdu,English,Nawa-e-Urdu,» Chapter 9,https://epathshala.nic.in/wp-content/doc/book/flipbook/Class%20IX/4914-Nawa-e-Urdu/Chap-09
9,Urdu,English,Nawa-e-Urdu,» Chapter 10,https://epathshala.nic.in/wp-content/doc/book/flipbook/Class%20IX/4914-Nawa-e-Urdu/Chap-10
9,Urdu,English,Nawa-e-Urdu,» Chapter 11,https://epathshala.nic.in/wp-content/doc/book/flipbook/Class%20IX/4914-Nawa-e-Urdu/Chap-11
9,Urdu,English,Nawa-e-Urdu,» Chapter 12,https://epathshala.nic.in/wp-content/doc/book/flipbook/Class%20IX/4914-Nawa-e-Urdu/Chap-12
9,Urdu,English,Nawa-e-Urdu,» Chapter 13,https://epathshala.nic.in/wp-content/doc/book/flipbook/Class%20IX/4914-Nawa-e-Urdu/Chap-13
9,Urdu,English,Nawa-e-Urdu,» Chapter 14,https://epathshala.nic.in/wp-content/doc/book/flipbook/Class%20IX/4914-Nawa-e-Urdu/Chap-14
9,Urdu,English,Nawa-e-Urdu,» Chapter 15,https://epathshala.nic.in/wp-content/doc/book/flipbook/Class%20IX/4914-Nawa-e-Urdu/Chap-15
9,Urdu,English,Nawa-e-Urdu,» Chapter 16,https://epathshala.nic.in/wp-content/doc/book/flipbook/Class%20IX/4914-Nawa-e-Urdu/Chap-16
9,Urdu,English,Nawa-e-Urdu,» Chapter 17,https://epathshala.nic.in/wp-content/doc/book/flipbook/Class%20IX/4914-Nawa-e-Urdu/Chap-17
9,Urdu,English,Nawa-e-Urdu,» Chapter 18,https://epathshala.nic.in/wp-content/doc/book/flipbook/Class%20IX/4914-Nawa-e-Urdu/Chap-18
9,Urdu,English,Nawa-e-Urdu,» Chapter 19,https://epathshala.nic.in/wp-content/doc/book/flipbook/Class%20IX/4914-Nawa-e-Urdu/Chap-19
9,Urdu,English,Nawa-e-Urdu,» Chapter 20,https://epathshala.nic.in/wp-content/doc/book/flipbook/Class%20IX/4914-Nawa-e-Urdu/Chap-20
9,Urdu,English,Nawa-e-Urdu,» Chapter 21,https://epathshala.nic.in/wp-content/doc/book/flipbook/Class%20IX/4914-Nawa-e-Urdu/Chap-21
9,Urdu,English,Nawa-e-Urdu,» Chapter 22,https://epathshala.nic.in/wp-content/doc/book/flipbook/Class%20IX/4914-Nawa-e-Urdu/Chap-22
9,Urdu,English,Nawa-e-Urdu,» Chapter 23,https://epathshala.nic.in/wp-content/doc/book/flipbook/Class%20IX/4914-Nawa-e-Urdu/Chap-23
9,Urdu,English,Gulzare-e-Urdu,» Chapter 1,https://epathshala.nic.in/wp-content/doc/book/flipbook/Class%20IX/4920-Gulzar-e-Urdu/Ch01
9,Urdu,English,Gulzare-e-Urdu,» Chapter 2,https://epathshala.nic.in/wp-content/doc/book/flipbook/Class%20IX/4920-Gulzar-e-Urdu/Ch02
9,Urdu,English,Gulzare-e-Urdu,» Chapter 3,https://epathshala.nic.in/wp-content/doc/book/flipbook/Class%20IX/4920-Gulzar-e-Urdu/Ch03
9,Urdu,English,Gulzare-e-Urdu,» Chapter 4,https://epathshala.nic.in/wp-content/doc/book/flipbook/Class%20IX/4920-Gulzar-e-Urdu/Ch04
9,Urdu,English,Gulzare-e-Urdu,» Chapter 5,https://epathshala.nic.in/wp-content/doc/book/flipbook/Class%20IX/4920-Gulzar-e-Urdu/Ch05
9,Urdu,English,Gulzare-e-Urdu,» Chapter 6,https://epathshala.nic.in/wp-content/doc/book/flipbook/Class%20IX/4920-Gulzar-e-Urdu/Ch06
9,Urdu,English,Gulzare-e-Urdu,» Chapter 7,https://epathshala.nic.in/wp-content/doc/book/flipbook/Class%20IX/4920-Gulzar-e-Urdu/Ch07
9,Urdu,English,Gulzare-e-Urdu,» Chapter 8,https://epathshala.nic.in/wp-content/doc/book/flipbook/Class%20IX/4920-Gulzar-e-Urdu/Ch08
9,Urdu,English,Gulzare-e-Urdu,» Chapter 9,https://epathshala.nic.in/wp-content/doc/book/flipbook/Class%20IX/4920-Gulzar-e-Urdu/Ch09
9,Urdu,English,Gulzare-e-Urdu,» Chapter 10,https://epathshala.nic.in/wp-content/doc/book/flipbook/Class%20IX/4920-Gulzar-e-Urdu/Ch10
9,Urdu,English,Gulzare-e-Urdu,» Chapter 11,https://epathshala.nic.in/wp-content/doc/book/flipbook/Class%20IX/4920-Gulzar-e-Urdu/Ch11
9,Urdu,English,Gulzare-e-Urdu,» Chapter 12,https://epathshala.nic.in/wp-content/doc/book/flipbook/Class%20IX/4920-Gulzar-e-Urdu/Ch12
9,Urdu,English,Gulzare-e-Urdu,» Chapter 13,https://epathshala.nic.in/wp-content/doc/book/flipbook/Class%20IX/4920-Gulzar-e-Urdu/Ch13
9,Urdu,English,Gulzare-e-Urdu,» Chapter 14,https://epathshala.nic.in/wp-content/doc/book/flipbook/Class%20IX/4920-Gulzar-e-Urdu/Ch14
9,Urdu,English,Gulzare-e-Urdu,» Chapter 15,https://epathshala.nic.in/wp-content/doc/book/flipbook/Class%20IX/4920-Gulzar-e-Urdu/Ch15
9,Urdu,English,Gulzare-e-Urdu,» Chapter 16,https://epathshala.nic.in/wp-content/doc/book/flipbook/Class%20IX/4920-Gulzar-e-Urdu/Ch16
9,Urdu,English,Gulzare-e-Urdu,» Chapter 17,https://epathshala.nic.in/wp-content/doc/book/flipbook/Class%20IX/4920-Gulzar-e-Urdu/Ch17
9,Urdu,English,Gulzare-e-Urdu,» Chapter 18,https://epathshala.nic.in/wp-content/doc/book/flipbook/Class%20IX/4920-Gulzar-e-Urdu/Ch18
9,Urdu,English,Gulzare-e-Urdu,» Chapter 19,https://epathshala.nic.in/wp-content/doc/book/flipbook/Class%20IX/4920-Gulzar-e-Urdu/Ch19
9,Vocational,English,Hand Embroidery (Addawala),» Chapter 1,https://epathshala.nic.in/wp-content/doc/book/flipbook/Class%20IX/17914Hand%20Embroidery%20(Addawala)/Unit1/index.html
9,Vocational,English,Hand Embroidery (Addawala),» Chapter 2,https://epathshala.nic.in/wp-content/doc/book/flipbook/Class%20IX/17914Hand%20Embroidery%20(Addawala)/Unit2/index.html
9,Vocational,English,Hand Embroidery (Addawala),» Chapter 3,https://epathshala.nic.in/wp-content/doc/book/flipbook/Class%20IX/17914Hand%20Embroidery%20(Addawala)/Unit3/index.html
9,Vocational,English,Hand Embroidery (Addawala),» Chapter 4,https://epathshala.nic.in/wp-content/doc/book/flipbook/Class%20IX/17914Hand%20Embroidery%20(Addawala)/Unit4/index.html
9,Vocational,English,Hand Embroidery (Addawala),» Chapter 5,https://epathshala.nic.in/wp-content/doc/book/flipbook/Class%20IX/17914Hand%20Embroidery%20(Addawala)/Unit5/index.html
9,Vocational,English,Solanaceous Crop Cultivator,» Chapter 1,https://epathshala.nic.in/wp-content/doc/book/flipbook/Class%20IX/17902Solanaceous%20Crop%20Cultivator/Chapter-1/index.html
9,Vocational,English,Solanaceous Crop Cultivator,» Chapter 2,https://epathshala.nic.in/wp-content/doc/book/flipbook/Class%20IX/17902Solanaceous%20Crop%20Cultivator/Chapter-2/index.html
9,Vocational,English,Solanaceous Crop Cultivator,» Chapter 3,https://epathshala.nic.in/wp-content/doc/book/flipbook/Class%20IX/17902Solanaceous%20Crop%20Cultivator/Chapter-3/index.html
9,Vocational,English,Solanaceous Crop Cultivator,» Chapter 4,https://epathshala.nic.in/wp-content/doc/book/flipbook/Class%20IX/17902Solanaceous%20Crop%20Cultivator/Chapter-4/index.html
9,Vocational,English,Solanaceous Crop Cultivator,» Chapter 5,https://epathshala.nic.in/wp-content/doc/book/flipbook/Class%20IX/17902Solanaceous%20Crop%20Cultivator/Chapter-5/index.html
9,Vocational,English,Animal Health Worker,» Prelims,https://epathshala.nic.in/wp-content/doc/book/flipbook/Class%20IX/17903Animal%20Health%20Worker/Prelims/index.html
9,Vocational,English,Hand Embroiderer,» Prelims,https://epathshala.nic.in/wp-content/doc/book/flipbook/Class%20IX/17913Hand%20Embroiderer/Prelims/index.html
9,Vocational,English,Assistant Beauty Therapist,» Prelims,https://epathshala.nic.in/wp-content/doc/book/flipbook/Class%20IX/17918Assistant%20Beauty%20Therapist/p/index.html
9,Vocational,English,Store Operations Assistant,» Prelims,https://epathshala.nic.in/wp-content/doc/book/flipbook/Class%20IX/17945Store%20Operations%20Assistant%20(Retail)/p/index.html
9,Vocational,English,Cashier,» Prelims,https://epathshala.nic.in/wp-content/doc/book/flipbook/Class%20IX/17946Cashier/Prelims/index.html
9,ICT,English,ICT,» Chapter 1,https://epathshala.nic.in/wp-content/doc/book/flipbook/Class%20IX/ict/iict101/index.html
9,ICT,English,ICT,» Chapter 2,https://epathshala.nic.in/wp-content/doc/book/flipbook/Class%20IX/ict/iict102/index.html
9,ICT,English,ICT,» Chapter 3,https://epathshala.nic.in/wp-content/doc/book/flipbook/Class%20IX/ict/iict103/index.html
9,ICT,English,ICT,» Chapter 4,https://epathshala.nic.in/wp-content/doc/book/flipbook/Class%20IX/ict/iict104/index.html
9,ICT,English,ICT,» Chapter 5,https://epathshala.nic.in/wp-content/doc/book/flipbook/Class%20IX/ict/iict105/index.html
9,ICT,English,ICT,» Chapter 6,https://epathshala.nic.in/wp-content/doc/book/flipbook/Class%20IX/ict/iict106/index.html
9,ICT,English,ICT,» Chapter 7,https://epathshala.nic.in/wp-content/doc/book/flipbook/Class%20IX/ict/iict107/index.html
9,ICT,English,ICT,» Chapter 8,https://epathshala.nic.in/wp-content/doc/book/flipbook/Class%20IX/ict/iict108/index.html
9,Health and Physical Education,English,Health and Physical Education,» Chapter 1,https://epathshala.nic.in/wp-content/doc/book/flipbook/Class%20IX/Health%20and%20Physical%20Education_iehp/iehp101/index.html
9,Health and Physical Education,English,Health and Physical Education,» Chapter 2,https://epathshala.nic.in/wp-content/doc/book/flipbook/Class%20IX/Health%20and%20Physical%20Education_iehp/iehp102/index.html
9,Health and Physical Education,English,Health and Physical Education,» Chapter 3,https://epathshala.nic.in/wp-content/doc/book/flipbook/Class%20IX/Health%20and%20Physical%20Education_iehp/iehp103/index.html
9,Health and Physical Education,English,Health and Physical Education,» Chapter 4,https://epathshala.nic.in/wp-content/doc/book/flipbook/Class%20IX/Health%20and%20Physical%20Education_iehp/iehp104/index.html
9,Health and Physical Education,English,Health and Physical Education,» Chapter 5,https://epathshala.nic.in/wp-content/doc/book/flipbook/Class%20IX/Health%20and%20Physical%20Education_iehp/iehp105/index.html
9,Health and Physical Education,English,Health and Physical Education,» Chapter 6,https://epathshala.nic.in/wp-content/doc/book/flipbook/Class%20IX/Health%20and%20Physical%20Education_iehp/iehp106/index.html
9,Health and Physical Education,English,Health and Physical Education,» Chapter 7,https://epathshala.nic.in/wp-content/doc/book/flipbook/Class%20IX/Health%20and%20Physical%20Education_iehp/iehp107/index.html
9,Health and Physical Education,English,Health and Physical Education,» Chapter 8,https://epathshala.nic.in/wp-content/doc/book/flipbook/Class%20IX/Health%20and%20Physical%20Education_iehp/iehp108/index.html
9,Health and Physical Education,English,Health and Physical Education,» Chapter 9,https://epathshala.nic.in/wp-content/doc/book/flipbook/Class%20IX/Health%20and%20Physical%20Education_iehp/iehp109/index.html
9,Health and Physical Education,English,Health and Physical Education,» Chapter 10,https://epathshala.nic.in/wp-content/doc/book/flipbook/Class%20IX/Health%20and%20Physical%20Education_iehp/iehp110/index.html
9,Health and Physical Education,English,Health and Physical Education,» Chapter 11,https://epathshala.nic.in/wp-content/doc/book/flipbook/Class%20IX/Health%20and%20Physical%20Education_iehp/iehp111/index.html
9,Health and Physical Education,English,Health and Physical Education,» Chapter 12,https://epathshala.nic.in/wp-content/doc/book/flipbook/Class%20IX/Health%20and%20Physical%20Education_iehp/iehp112/index.html
9,Health and Physical Education,English,Health and Physical Education,» Chapter 13,https://epathshala.nic.in/wp-content/doc/book/flipbook/Class%20IX/Health%20and%20Physical%20Education_iehp/iehp113/index.html
9,Health and Physical Education,English,Health and Physical Education,» Chapter 14,https://epathshala.nic.in/wp-content/doc/book/flipbook/Class%20IX/Health%20and%20Physical%20Education_iehp/iehp114/index.html
